uv_sensor,IR_sensor,label
0.0,131.3,shade
0.0,131.44,shade
0.0,131.55,shade
0.0,131.64,shade
0.0,131.71,shade
0.0,131.77,shade
0.0,131.82,shade
0.0,131.65,shade
0.0,131.72,shade
0.0,131.58,shade
0.0,131.46,shade
0.0,131.37,shade
0.0,131.5,shade
0.0,131.6,shade
0.0,131.68,shade
0.0,131.74,shade
0.0,131.79,shade
0.0,131.83,shade
0.0,131.87,shade
0.0,131.89,shade
0.0,132.12,shade
0.0,132.29,shade
0.0,132.43,shade
0.0,132.55,shade
0.0,132.64,shade
0.0,132.71,shade
0.0,132.77,shade
0.0,132.81,shade
0.0,132.85,shade
0.0,132.88,shade
0.0,132.91,shade
0.0,132.92,shade
0.0,132.94,shade
0.0,132.95,shade
0.0,132.96,shade
0.0,132.97,shade
0.0,132.98,shade
0.0,132.98,shade
0.0,132.98,shade
0.0,132.99,shade
0.0,133.19,shade
0.0,133.35,shade
0.0,133.48,shade
0.0,133.59,shade
0.0,133.67,shade
0.0,133.73,shade
0.0,133.79,shade
0.0,133.83,shade
0.0,133.86,shade
0.0,133.69,shade
0.0,133.55,shade
0.0,133.64,shade
0.0,133.51,shade
0.0,133.41,shade
0.0,133.33,shade
0.0,133.06,shade
0.0,132.85,shade
0.0,132.68,shade
0.0,132.74,shade
0.0,132.8,shade
0.0,132.84,shade
0.0,133.07,shade
0.0,133.06,shade
0.0,133.24,shade
0.0,133.2,shade
0.0,133.36,shade
0.0,133.49,shade
0.0,133.59,shade
0.0,133.67,shade
0.0,133.54,shade
0.0,133.23,shade
0.0,132.78,shade
0.0,132.43,shade
0.0,132.14,shade
0.0,132.11,shade
0.0,132.09,shade
0.0,132.07,shade
0.0,132.06,shade
0.0,132.05,shade
0.0,132.04,shade
0.0,132.03,shade
0.0,132.02,shade
0.0,132.02,shade
0.0,132.02,shade
0.0,132.01,shade
0.0,132.01,shade
0.0,132.01,shade
0.0,132.21,shade
0.0,132.36,shade
0.0,132.49,shade
0.0,132.59,shade
0.0,132.87,shade
0.0,133.1,shade
0.0,133.08,shade
0.0,132.86,shade
0.0,132.69,shade
0.0,132.55,shade
0.0,132.44,shade
0.0,132.55,shade
0.0,132.64,shade
0.0,132.51,shade
0.0,132.41,shade
0.0,132.33,shade
0.0,132.26,shade
0.0,132.21,shade
0.0,132.17,shade
0.0,132.33,shade
0.0,132.47,shade
0.0,132.57,shade
0.0,132.46,shade
0.0,132.57,shade
0.0,132.65,shade
0.0,132.72,shade
0.0,132.78,shade
0.0,132.82,shade
0.0,132.86,shade
0.0,132.89,shade
0.0,132.91,shade
0.0,132.93,shade
0.0,132.94,shade
0.0,132.95,shade
0.0,132.96,shade
0.0,132.97,shade
0.0,132.98,shade
0.0,132.98,shade
0.0,132.98,shade
0.0,132.99,shade
0.0,132.99,shade
0.0,132.99,shade
0.0,132.99,shade
0.0,133.0,shade
0.0,133.0,shade
0.0,133.2,shade
0.0,133.36,shade
0.0,133.49,shade
0.0,133.59,shade
0.0,133.67,shade
0.0,133.74,shade
0.0,133.79,shade
0.0,133.83,shade
0.0,133.87,shade
0.0,133.89,shade
0.0,133.91,shade
0.0,133.93,shade
0.0,133.94,shade
0.0,133.96,shade
0.0,133.96,shade
0.0,133.97,shade
0.0,133.98,shade
0.0,133.98,shade
0.0,133.99,shade
0.0,133.99,shade
0.0,133.99,shade
0.0,133.99,shade
0.0,133.99,shade
0.0,134.0,shade
0.0,134.0,shade
0.0,134.0,shade
0.0,134.0,shade
0.0,134.0,shade
0.0,134.0,shade
0.0,134.0,shade
0.0,134.0,shade
0.0,134.2,shade
0.0,134.36,shade
0.0,134.49,shade
0.0,134.59,shade
0.0,134.67,shade
0.0,134.74,shade
0.0,134.79,shade
0.0,134.83,shade
0.0,134.87,shade
0.0,134.89,shade
0.0,134.91,shade
0.0,134.93,shade
0.0,134.95,shade
0.0,134.96,shade
0.0,134.96,shade
0.0,134.97,shade
0.0,134.98,shade
0.0,134.98,shade
0.0,134.99,shade
0.0,134.99,shade
0.0,134.99,shade
0.0,134.99,shade
0.0,134.99,shade
0.0,135.0,shade
0.0,135.0,shade
0.0,135.0,shade
0.0,135.0,shade
0.0,135.0,shade
0.0,135.0,shade
0.0,135.2,shade
0.0,135.36,shade
0.0,135.49,shade
0.0,135.59,shade
0.0,135.67,shade
0.0,135.74,shade
0.0,135.79,shade
0.0,135.83,shade
0.0,135.87,shade
0.0,135.89,shade
0.0,135.91,shade
0.0,135.93,shade
0.0,135.94,shade
0.0,136.16,shade
0.0,136.12,shade
0.0,136.1,shade
0.0,136.08,shade
0.0,136.06,shade
0.0,136.05,shade
0.0,136.04,shade
0.0,136.03,shade
0.0,136.03,shade
0.0,136.02,shade
0.0,136.02,shade
0.0,136.21,shade
0.0,136.37,shade
0.0,136.5,shade
0.0,136.6,shade
0.0,136.68,shade
0.0,136.74,shade
0.0,136.79,shade
0.0,136.84,shade
0.0,136.87,shade
0.0,136.89,shade
0.0,136.92,shade
0.0,136.93,shade
0.0,136.95,shade
0.0,136.96,shade
0.0,136.97,shade
0.0,136.97,shade
0.0,136.78,shade
0.0,136.62,shade
0.0,136.7,shade
0.0,136.76,shade
0.0,136.81,shade
0.0,136.85,shade
0.0,136.88,shade
0.0,136.9,shade
0.0,136.92,shade
0.0,136.94,shade
0.0,136.95,shade
0.0,136.96,shade
0.0,136.97,shade
0.0,136.97,shade
0.0,136.98,shade
0.0,136.98,shade
0.0,136.99,shade
0.0,136.99,shade
0.0,136.99,shade
0.0,136.99,shade
0.0,136.99,shade
0.0,137.0,shade
0.0,137.0,shade
0.0,137.0,shade
0.0,137.0,shade
0.0,137.2,shade
0.0,137.16,shade
0.0,137.33,shade
0.0,137.46,shade
0.0,137.57,shade
0.0,137.66,shade
0.0,137.72,shade
0.0,137.78,shade
0.0,137.82,shade
0.0,137.86,shade
0.0,137.89,shade
0.0,137.91,shade
0.0,137.93,shade
0.0,137.94,shade
0.0,137.95,shade
0.0,137.96,shade
0.0,137.97,shade
0.0,137.98,shade
0.0,137.98,shade
0.0,137.98,shade
0.0,137.99,shade
0.0,137.99,shade
0.0,137.99,shade
0.0,137.99,shade
0.0,138.0,shade
0.0,138.0,shade
0.0,138.0,shade
0.0,138.0,shade
0.0,138.0,shade
0.0,138.0,shade
0.0,138.0,shade
0.0,138.2,shade
0.0,138.36,shade
0.0,138.49,shade
0.0,138.59,shade
0.0,138.67,shade
0.0,138.74,shade
0.0,138.79,shade
0.0,138.83,shade
0.0,138.87,shade
0.0,138.69,shade
0.0,138.75,shade
0.0,138.8,shade
0.0,138.84,shade
0.0,138.87,shade
0.0,138.9,shade
0.0,138.92,shade
0.0,138.94,shade
0.0,138.95,shade
0.0,138.96,shade
0.0,138.97,shade
0.0,138.97,shade
0.0,138.98,shade
0.0,138.98,shade
0.0,138.99,shade
0.0,138.99,shade
0.0,138.99,shade
0.0,138.99,shade
0.0,138.99,shade
0.0,139.2,shade
0.0,139.36,shade
0.0,139.49,shade
0.0,139.59,shade
0.0,139.67,shade
0.0,139.74,shade
0.0,139.79,shade
0.0,139.83,shade
0.0,139.87,shade
0.0,139.89,shade
0.0,139.91,shade
0.0,139.93,shade
0.0,139.94,shade
0.0,139.96,shade
0.0,139.96,shade
0.0,139.97,shade
0.0,139.98,shade
0.0,139.98,shade
0.0,139.99,shade
0.0,139.99,shade
0.0,139.99,shade
0.0,139.99,shade
0.0,139.99,shade
0.0,140.0,shade
0.0,140.0,shade
0.0,140.0,shade
0.0,140.2,shade
0.0,140.36,shade
0.0,140.49,shade
0.0,140.59,shade
0.0,140.67,shade
0.0,140.74,shade
0.0,140.79,shade
0.0,140.83,shade
0.0,140.87,shade
0.0,140.89,shade
0.0,140.91,shade
0.0,140.93,shade
0.0,140.94,shade
0.0,140.96,shade
0.0,140.96,shade
0.0,140.97,shade
0.0,140.98,shade
0.0,140.98,shade
0.0,140.99,shade
0.0,140.99,shade
0.0,140.99,shade
0.0,140.99,shade
0.0,141.19,shade
0.0,141.36,shade
0.0,141.48,shade
0.0,141.59,shade
0.0,141.67,shade
0.0,141.54,shade
0.0,141.63,shade
0.0,141.7,shade
0.0,141.76,shade
0.0,141.81,shade
0.0,141.85,shade
0.0,141.88,shade
0.0,141.9,shade
0.0,141.92,shade
0.0,141.94,shade
0.0,141.95,shade
0.0,141.96,shade
0.0,141.97,shade
0.0,141.97,shade
0.0,141.98,shade
0.0,141.98,shade
0.0,141.99,shade
0.0,142.19,shade
0.0,142.35,shade
0.0,142.48,shade
0.0,142.59,shade
0.0,142.67,shade
0.0,142.73,shade
0.0,142.79,shade
0.0,142.83,shade
0.0,142.86,shade
0.0,142.89,shade
0.0,142.91,shade
0.0,142.93,shade
0.0,142.94,shade
0.0,142.96,shade
0.0,142.96,shade
0.0,142.97,shade
0.0,142.98,shade
0.0,142.98,shade
0.0,142.99,shade
0.0,142.99,shade
0.0,142.99,shade
0.0,142.99,shade
0.0,142.99,shade
0.0,143.0,shade
0.0,143.0,shade
0.0,143.2,shade
0.0,143.36,shade
0.0,143.49,shade
0.0,143.59,shade
0.0,143.67,shade
0.0,143.74,shade
0.0,143.79,shade
0.0,143.83,shade
0.0,143.87,shade
0.0,143.89,shade
0.0,143.91,shade
0.0,143.93,shade
0.0,143.94,shade
0.0,143.96,shade
0.0,143.96,shade
0.0,143.97,shade
0.0,143.98,shade
0.0,143.98,shade
0.0,144.19,shade
0.0,144.35,shade
0.0,144.48,shade
0.0,144.58,shade
0.0,144.67,shade
0.0,144.73,shade
0.0,144.79,shade
0.0,144.83,shade
0.0,144.86,shade
0.0,144.89,shade
0.0,144.91,shade
0.0,144.93,shade
0.0,144.94,shade
0.0,144.96,shade
0.0,144.96,shade
0.0,144.97,shade
0.0,144.98,shade
0.0,144.98,shade
0.0,145.19,shade
0.0,145.35,shade
0.0,145.48,shade
0.0,145.58,shade
0.0,145.67,shade
0.0,145.73,shade
0.0,145.79,shade
0.0,145.83,shade
0.0,145.86,shade
0.0,145.89,shade
0.0,145.91,shade
0.0,145.93,shade
0.0,145.94,shade
0.0,145.96,shade
0.0,145.96,shade
0.0,145.97,shade
0.0,145.98,shade
0.0,146.18,shade
0.0,146.35,shade
0.0,146.48,shade
0.0,146.58,shade
0.0,146.66,shade
0.0,146.73,shade
0.0,146.59,shade
0.0,146.67,shade
0.0,146.73,shade
0.0,146.79,shade
0.0,146.83,shade
0.0,146.86,shade
0.0,146.89,shade
0.0,146.91,shade
0.0,146.93,shade
0.0,147.14,shade
0.0,147.12,shade
0.0,147.09,shade
0.0,147.27,shade
0.0,147.42,shade
0.0,147.54,shade
0.0,147.63,shade
0.0,147.7,shade
0.0,147.76,shade
0.0,147.81,shade
0.0,147.85,shade
0.0,147.88,shade
0.0,147.9,shade
0.0,147.92,shade
0.0,147.94,shade
0.0,147.95,shade
0.0,147.96,shade
0.0,147.97,shade
0.0,148.17,shade
0.0,148.34,shade
0.0,148.47,shade
0.0,148.58,shade
0.0,148.66,shade
0.0,148.73,shade
0.0,148.78,shade
0.0,148.83,shade
0.0,148.86,shade
0.0,148.89,shade
0.0,148.91,shade
0.0,148.93,shade
0.0,148.94,shade
0.0,148.95,shade
0.0,148.96,shade
0.0,148.97,shade
0.0,148.98,shade
0.0,148.98,shade
0.0,148.99,shade
0.0,148.99,shade
0.0,148.99,shade
0.0,149.19,shade
0.0,149.35,shade
0.0,149.48,shade
0.0,149.59,shade
0.0,149.67,shade
0.0,149.74,shade
0.0,149.79,shade
0.0,149.83,shade
0.0,149.86,shade
0.0,149.89,shade
0.0,149.91,shade
0.0,149.93,shade
0.0,149.94,shade
0.0,149.96,shade
0.0,149.96,shade
0.0,149.97,shade
0.0,150.18,shade
0.0,150.34,shade
0.0,150.47,shade
0.0,150.58,shade
0.0,150.66,shade
0.0,150.73,shade
0.0,150.78,shade
0.0,150.83,shade
0.0,150.86,shade
0.0,150.89,shade
0.0,150.91,shade
0.0,150.93,shade
0.0,150.94,shade
0.0,150.95,shade
0.0,150.96,shade
0.0,150.97,shade
0.0,150.98,shade
0.0,150.98,shade
0.0,151.19,shade
0.0,151.35,shade
0.0,151.48,shade
0.0,151.58,shade
0.0,151.67,shade
0.0,151.73,shade
0.0,151.79,shade
0.0,151.83,shade
0.0,151.66,shade
0.0,151.73,shade
0.0,151.78,shade
0.0,151.83,shade
0.0,151.86,shade
0.0,152.09,shade
0.0,152.07,shade
0.0,152.06,shade
0.0,152.05,shade
0.0,152.04,shade
0.0,152.03,shade
0.0,152.02,shade
0.0,152.02,shade
0.0,152.02,shade
0.0,152.01,shade
0.0,152.01,shade
0.0,152.01,shade
0.0,152.01,shade
0.0,152.0,shade
0.0,152.2,shade
0.0,152.16,shade
0.0,152.33,shade
0.0,152.46,shade
0.0,152.57,shade
0.0,152.66,shade
0.0,152.73,shade
0.0,152.78,shade
0.0,152.82,shade
0.0,152.86,shade
0.0,152.89,shade
0.0,152.91,shade
0.0,152.93,shade
0.0,152.94,shade
0.0,152.95,shade
0.0,152.96,shade
0.0,152.97,shade
0.0,152.98,shade
0.0,152.98,shade
0.0,152.98,shade
0.0,152.99,shade
0.0,226.94,LED
0.0,228.15,LED
0.0,227.92,LED
0.0,227.14,LED
0.0,228.71,LED
0.0,227.77,LED
0.0,227.81,LED
0.0,228.45,LED
0.0,227.16,LED
0.0,228.13,LED
0.0,228.1,LED
0.0,227.28,LED
0.0,228.83,LED
0.0,227.86,LED
0.0,227.69,LED
0.0,228.55,LED
0.0,227.04,LED
0.0,227.83,LED
0.0,227.87,LED
0.0,226.89,LED
0.0,228.11,LED
0.0,227.49,LED
0.0,227.19,LED
0.0,228.35,LED
0.0,227.08,LED
0.0,227.67,LED
0.0,227.93,LED
0.0,226.75,LED
0.0,228.0,LED
0.0,227.6,LED
0.0,227.48,LED
0.0,228.58,LED
0.0,227.47,LED
0.0,227.77,LED
0.0,228.22,LED
0.0,226.97,LED
0.0,227.98,LED
0.0,227.78,LED
0.0,227.03,LED
0.0,228.62,LED
0.0,227.7,LED
0.0,227.56,LED
0.0,228.45,LED
0.0,226.96,LED
0.0,227.77,LED
0.0,228.01,LED
0.0,227.21,LED
0.0,228.57,LED
0.0,228.05,LED
0.0,227.64,LED
0.0,228.91,LED
0.0,227.73,LED
0.0,227.99,LED
0.0,228.59,LED
0.0,227.27,LED
0.0,228.02,LED
0.0,228.21,LED
0.0,227.37,LED
0.0,228.5,LED
0.0,228.0,LED
0.0,227.4,LED
0.0,228.72,LED
0.0,227.37,LED
0.0,227.5,LED
0.0,228.2,LED
0.0,226.56,LED
0.0,227.25,LED
0.0,227.4,LED
0.0,226.32,LED
0.0,227.65,LED
0.0,227.12,LED
0.0,226.5,LED
0.0,227.8,LED
0.0,226.84,LED
0.0,226.67,LED
0.0,227.54,LED
0.0,226.23,LED
0.0,226.78,LED
0.0,227.23,LED
0.0,225.98,LED
0.0,226.99,LED
0.0,226.99,LED
0.0,226.39,LED
0.0,227.51,LED
0.0,226.81,LED
0.0,226.65,LED
0.0,227.92,LED
0.0,226.73,LED
0.0,226.79,LED
0.0,227.63,LED
0.0,226.3,LED
0.0,226.84,LED
0.0,227.27,LED
0.0,225.82,LED
0.0,226.86,LED
0.0,226.68,LED
0.0,225.95,LED
0.0,227.16,LED
0.0,226.53,LED
0.0,226.02,LED
0.0,227.42,LED
0.0,226.33,LED
0.0,226.27,LED
0.0,227.21,LED
0.0,225.97,LED
0.0,226.38,LED
0.0,226.9,LED
0.0,225.52,LED
0.0,226.42,LED
0.0,226.53,LED
0.0,225.43,LED
0.0,226.74,LED
0.0,226.59,LED
0.0,226.07,LED
0.0,227.26,LED
0.0,226.61,LED
0.0,226.29,LED
0.0,227.43,LED
0.0,226.34,LED
0.0,226.27,LED
0.0,227.22,LED
0.0,225.98,LED
0.0,226.38,LED
0.0,226.9,LED
0.0,225.72,LED
0.0,226.38,LED
0.0,226.5,LED
0.0,225.6,LED
0.0,226.88,LED
0.0,226.51,LED
0.0,226.0,LED
0.0,227.2,LED
0.0,226.16,LED
0.0,225.93,LED
0.0,226.94,LED
0.0,225.56,LED
0.0,225.84,LED
0.0,226.48,LED
0.0,224.98,LED
0.0,225.78,LED
0.0,226.03,LED
0.0,224.82,LED
0.0,226.06,LED
0.0,225.65,LED
0.0,224.92,LED
0.0,226.33,LED
0.0,225.47,LED
0.0,225.37,LED
0.0,226.5,LED
0.0,225.2,LED
0.0,225.56,LED
0.0,226.25,LED
0.0,225.0,LED
0.0,226.0,LED
0.0,226.0,LED
0.0,225.2,LED
0.0,226.36,LED
0.0,225.89,LED
0.0,225.31,LED
0.0,226.65,LED
0.0,225.72,LED
0.0,225.97,LED
0.0,226.78,LED
0.0,225.42,LED
0.0,225.94,LED
0.0,226.15,LED
0.0,224.92,LED
0.0,226.14,LED
0.0,225.91,LED
0.0,225.33,LED
0.0,226.66,LED
0.0,225.73,LED
0.0,225.58,LED
0.0,226.47,LED
0.0,225.17,LED
0.0,225.74,LED
0.0,226.19,LED
0.0,225.15,LED
0.0,226.12,LED
0.0,226.1,LED
0.0,225.28,LED
0.0,226.62,LED
0.0,225.9,LED
0.0,225.72,LED
0.0,226.77,LED
0.0,225.62,LED
0.0,226.1,LED
0.0,226.68,LED
0.0,225.54,LED
0.0,226.43,LED
0.0,226.35,LED
0.0,225.68,LED
0.0,226.94,LED
0.0,226.35,LED
0.0,226.08,LED
0.0,227.27,LED
0.0,226.01,LED
0.0,226.21,LED
0.0,226.77,LED
0.0,225.21,LED
0.0,225.97,LED
0.0,226.18,LED
0.0,225.14,LED
0.0,226.51,LED
0.0,226.01,LED
0.0,225.61,LED
0.0,226.89,LED
0.0,225.91,LED
0.0,225.93,LED
0.0,226.74,LED
0.0,225.39,LED
0.0,226.11,LED
0.0,226.29,LED
0.0,225.23,LED
0.0,226.39,LED
0.0,226.11,LED
0.0,225.69,LED
0.0,227.15,LED
0.0,226.12,LED
0.0,226.1,LED
0.0,227.08,LED
0.0,225.66,LED
0.0,226.13,LED
0.0,226.5,LED
0.0,225.4,LED
0.0,226.32,LED
0.0,226.26,LED
0.0,225.61,LED
0.0,226.88,LED
0.0,226.31,LED
0.0,225.85,LED
0.0,227.08,LED
0.0,225.86,LED
0.0,225.89,LED
0.0,226.71,LED
0.0,225.37,LED
0.0,225.9,LED
0.0,226.32,LED
0.0,225.25,LED
0.0,226.4,LED
0.0,226.12,LED
0.0,225.3,LED
0.0,226.84,LED
0.0,226.07,LED
0.0,225.86,LED
0.0,226.89,LED
0.0,225.71,LED
0.0,225.77,LED
0.0,226.61,LED
0.0,225.29,LED
0.0,226.03,LED
0.0,226.43,LED
0.0,225.34,LED
0.0,226.47,LED
0.0,226.18,LED
0.0,225.54,LED
0.0,226.83,LED
0.0,226.07,LED
0.0,225.65,LED
0.0,226.92,LED
0.0,225.74,LED
0.0,225.79,LED
0.0,226.63,LED
0.0,225.31,LED
0.0,225.84,LED
0.0,226.08,LED
0.0,225.06,LED
0.0,226.25,LED
0.0,226.0,LED
0.0,225.2,LED
0.0,226.36,LED
0.0,225.69,LED
0.0,225.55,LED
0.0,226.64,LED
0.0,225.31,LED
0.0,225.65,LED
0.0,226.32,LED
0.0,225.06,LED
0.0,226.04,LED
0.0,226.24,LED
0.0,225.19,LED
0.0,226.55,LED
0.0,226.04,LED
0.0,225.43,LED
0.0,226.75,LED
0.0,225.8,LED
0.0,225.84,LED
0.0,226.47,LED
0.0,225.18,LED
0.0,225.94,LED
0.0,226.15,LED
0.0,225.12,LED
0.0,226.3,LED
0.0,226.04,LED
0.0,225.43,LED
0.0,226.74,LED
0.0,225.8,LED
0.0,225.84,LED
0.0,226.67,LED
0.0,225.34,LED
0.0,225.87,LED
0.0,226.29,LED
0.0,225.24,LED
0.0,226.39,LED
0.0,226.11,LED
0.0,225.49,LED
0.0,226.79,LED
0.0,225.83,LED
0.0,225.67,LED
0.0,226.53,LED
0.0,225.23,LED
0.0,225.78,LED
0.0,226.02,LED
0.0,224.82,LED
0.0,226.06,LED
0.0,225.64,LED
0.0,225.12,LED
0.0,226.49,LED
0.0,225.39,LED
0.0,225.52,LED
0.0,226.21,LED
0.0,224.77,LED
0.0,225.62,LED
0.0,225.69,LED
0.0,224.75,LED
0.0,226.0,LED
0.0,225.4,LED
0.0,225.12,LED
0.0,226.3,LED
0.0,225.04,LED
0.0,225.23,LED
0.0,225.78,LED
0.0,224.43,LED
0.0,225.54,LED
0.0,225.43,LED
0.0,224.55,LED
0.0,225.84,LED
0.0,225.07,LED
0.0,225.06,LED
0.0,226.04,LED
0.0,224.84,LED
0.0,225.07,LED
0.0,225.65,LED
0.0,224.52,LED
0.0,225.42,LED
0.0,225.34,LED
0.0,224.47,LED
0.0,225.77,LED
0.0,225.02,LED
0.0,224.82,LED
0.0,225.85,LED
0.0,224.68,LED
0.0,225.15,LED
0.0,225.72,LED
0.0,224.57,LED
0.0,225.66,LED
0.0,225.53,LED
0.0,224.62,LED
0.0,225.9,LED
0.0,225.12,LED
0.0,225.09,LED
0.0,226.08,LED
0.0,224.86,LED
0.0,225.49,LED
0.0,225.99,LED
0.0,224.59,LED
0.0,225.67,LED
0.0,225.54,LED
0.0,225.03,LED
0.0,226.43,LED
0.0,225.74,LED
0.0,225.39,LED
0.0,226.31,LED
0.0,225.05,LED
0.0,225.44,LED
0.0,225.95,LED
0.0,224.76,LED
0.0,225.81,LED
0.0,225.65,LED
0.0,224.72,LED
0.0,225.97,LED
0.0,225.18,LED
0.0,225.14,LED
0.0,226.11,LED
0.0,224.89,LED
0.0,225.31,LED
0.0,225.85,LED
0.0,224.48,LED
0.0,225.38,LED
0.0,225.31,LED
0.0,224.45,LED
0.0,225.76,LED
0.0,225.21,LED
0.0,224.96,LED
0.0,226.17,LED
0.0,224.94,LED
0.0,225.15,LED
0.0,225.72,LED
0.0,224.38,LED
0.0,225.3,LED
0.0,225.44,LED
0.0,224.75,LED
0.0,226.0,LED
0.0,225.4,LED
0.0,225.12,LED
0.0,226.3,LED
0.0,225.04,LED
0.0,225.43,LED
0.0,225.94,LED
0.0,224.56,LED
0.0,225.44,LED
0.0,225.56,LED
0.0,224.64,LED
0.0,225.92,LED
0.0,225.33,LED
0.0,224.87,LED
0.0,226.09,LED
0.0,225.07,LED
0.0,225.46,LED
0.0,226.17,LED
0.0,224.73,LED
0.0,225.39,LED
0.0,225.51,LED
0.0,224.61,LED
0.0,225.89,LED
0.0,225.51,LED
0.0,225.21,LED
0.0,226.57,LED
0.0,225.45,LED
0.0,225.36,LED
0.0,226.09,LED
0.0,224.67,LED
0.0,225.34,LED
0.0,225.47,LED
0.0,224.58,LED
0.0,225.66,LED
0.0,225.33,LED
0.0,225.06,LED
0.0,226.25,LED
0.0,225.2,LED
0.0,225.16,LED
0.0,225.93,LED
0.0,224.74,LED
0.0,225.39,LED
0.0,225.72,LED
0.0,224.77,LED
0.0,226.22,LED
0.0,225.77,LED
0.0,225.02,LED
0.0,226.42,LED
0.0,225.53,LED
0.0,225.43,LED
0.0,226.34,LED
0.0,225.07,LED
0.0,225.86,LED
0.0,226.09,LED
0.0,224.87,LED
0.0,226.1,LED
0.0,225.68,LED
0.0,225.14,LED
0.0,226.51,LED
0.0,225.61,LED
0.0,225.69,LED
0.0,226.55,LED
0.0,225.24,LED
0.0,225.79,LED
0.0,226.03,LED
0.0,224.83,LED
0.0,225.86,LED
0.0,225.69,LED
0.0,224.95,LED
0.0,226.36,LED
0.0,225.49,LED
0.0,225.39,LED
0.0,226.31,LED
0.0,225.05,LED
0.0,225.44,LED
0.0,225.75,LED
0.0,224.4,LED
0.0,225.52,LED
0.0,225.42,LED
0.0,224.93,LED
0.0,226.15,LED
0.0,225.32,LED
0.0,225.05,LED
0.0,226.04,LED
0.0,224.83,LED
0.0,225.27,LED
0.0,225.81,LED
0.0,224.65,LED
0.0,225.72,LED
0.0,225.58,LED
0.0,224.86,LED
0.0,226.09,LED
0.0,225.47,LED
0.0,225.18,LED
0.0,226.34,LED
0.0,225.07,LED
0.0,225.26,LED
0.0,225.81,LED
0.0,224.45,LED
0.0,225.36,LED
0.0,225.49,LED
0.0,224.59,LED
0.0,225.87,LED
0.0,225.3,LED
0.0,224.84,LED
0.0,226.07,LED
0.0,225.06,LED
0.0,225.04,LED
0.0,225.84,LED
0.0,224.47,LED
0.0,225.37,LED
0.0,225.7,LED
0.0,224.76,LED
0.0,226.01,LED
0.0,225.61,LED
0.0,225.09,LED
0.0,226.47,LED
0.0,225.37,LED
0.0,225.3,LED
0.0,226.24,LED
0.0,224.99,LED
0.0,225.39,LED
0.0,225.71,LED
0.0,224.57,LED
0.0,225.66,LED
0.0,225.53,LED
0.0,224.82,LED
0.0,225.86,LED
0.0,225.09,LED
0.0,225.07,LED
0.0,226.05,LED
0.0,224.84,LED
0.0,225.27,LED
0.0,225.82,LED
0.0,224.26,LED
0.0,225.0,LED
0.0,225.2,LED
0.0,224.36,LED
0.0,225.69,LED
0.0,225.15,LED
0.0,224.72,LED
0.0,225.98,LED
0.0,224.98,LED
0.0,224.99,LED
0.0,225.79,LED
0.0,224.43,LED
0.0,224.94,LED
0.0,224.08,LED
0.0,225.27,LED
0.0,225.21,LED
0.0,224.37,LED
0.0,225.7,LED
0.0,225.16,LED
0.0,225.13,LED
0.0,226.3,LED
0.0,225.04,LED
0.0,225.23,LED
0.0,225.99,LED
0.0,224.79,LED
0.0,225.43,LED
0.0,225.74,LED
0.0,224.6,LED
0.0,225.68,LED
0.0,225.54,LED
0.0,225.03,LED
0.0,226.23,LED
0.0,225.58,LED
0.0,225.26,LED
0.0,226.41,LED
0.0,225.33,LED
0.0,225.66,LED
0.0,226.33,LED
0.0,225.06,LED
0.0,225.85,LED
0.0,226.08,LED
0.0,224.67,LED
0.0,225.73,LED
0.0,225.59,LED
0.0,224.87,LED
0.0,226.09,LED
0.0,225.48,LED
0.0,225.18,LED
0.0,226.54,LED
0.0,225.44,LED
0.0,225.35,LED
0.0,226.08,LED
0.0,224.86,LED
0.0,225.29,LED
0.0,225.83,LED
0.0,224.67,LED
0.0,225.53,LED
0.0,225.63,LED
0.0,224.9,LED
0.0,226.12,LED
0.0,225.7,LED
0.0,225.16,LED
0.0,226.53,LED
0.0,225.82,LED
0.0,360.43,fluorescent
0.0,364.54,fluorescent
0.0,367.64,fluorescent
0.0,370.31,fluorescent
0.0,372.25,fluorescent
0.0,374.0,fluorescent
0.0,375.0,fluorescent
0.0,375.0,fluorescent
0.0,376.0,fluorescent
0.0,377.0,fluorescent
0.0,377.8,fluorescent
0.0,378.44,fluorescent
0.0,378.95,fluorescent
0.0,379.36,fluorescent
0.0,379.69,fluorescent
0.0,379.95,fluorescent
0.0,380.36,fluorescent
0.0,380.89,fluorescent
0.0,380.91,fluorescent
0.0,381.13,fluorescent
0.0,381.3,fluorescent
0.0,381.44,fluorescent
0.0,381.55,fluorescent
0.0,381.84,fluorescent
0.0,381.87,fluorescent
0.0,381.9,fluorescent
0.0,381.92,fluorescent
0.0,382.14,fluorescent
0.0,382.11,fluorescent
0.0,382.09,fluorescent
0.0,382.27,fluorescent
0.0,382.22,fluorescent
0.0,382.37,fluorescent
0.0,382.5,fluorescent
0.0,382.4,fluorescent
0.0,382.32,fluorescent
0.0,382.26,fluorescent
0.0,382.2,fluorescent
0.0,382.16,fluorescent
0.0,382.33,fluorescent
0.0,382.26,fluorescent
0.0,382.41,fluorescent
0.0,382.33,fluorescent
0.0,382.26,fluorescent
0.0,382.21,fluorescent
0.0,382.37,fluorescent
0.0,382.29,fluorescent
0.0,382.24,fluorescent
0.0,382.19,fluorescent
0.0,382.15,fluorescent
0.0,382.12,fluorescent
0.0,382.1,fluorescent
0.0,381.88,fluorescent
0.0,381.7,fluorescent
0.0,381.56,fluorescent
0.0,381.65,fluorescent
0.0,381.52,fluorescent
0.0,381.62,fluorescent
0.0,381.49,fluorescent
0.0,381.39,fluorescent
0.0,381.32,fluorescent
0.0,381.65,fluorescent
0.0,381.72,fluorescent
0.0,381.78,fluorescent
0.0,381.82,fluorescent
0.0,381.86,fluorescent
0.0,381.89,fluorescent
0.0,381.91,fluorescent
0.0,381.93,fluorescent
0.0,381.94,fluorescent
0.0,381.95,fluorescent
0.0,381.96,fluorescent
0.0,381.97,fluorescent
0.0,382.18,fluorescent
0.0,382.14,fluorescent
0.0,382.11,fluorescent
0.0,382.29,fluorescent
0.0,382.23,fluorescent
0.0,382.19,fluorescent
0.0,382.15,fluorescent
0.0,382.12,fluorescent
0.0,382.1,fluorescent
0.0,382.08,fluorescent
0.0,382.26,fluorescent
0.0,382.41,fluorescent
0.0,382.33,fluorescent
0.0,382.26,fluorescent
0.0,382.21,fluorescent
0.0,382.17,fluorescent
0.0,382.13,fluorescent
0.0,382.31,fluorescent
0.0,382.25,fluorescent
0.0,382.2,fluorescent
0.0,382.16,fluorescent
0.0,382.13,fluorescent
0.0,382.1,fluorescent
0.0,382.08,fluorescent
0.0,382.06,fluorescent
0.0,382.05,fluorescent
0.0,382.24,fluorescent
0.0,382.19,fluorescent
0.0,382.35,fluorescent
0.0,382.28,fluorescent
0.0,382.23,fluorescent
0.0,382.38,fluorescent
0.0,382.51,fluorescent
0.0,382.4,fluorescent
0.0,382.32,fluorescent
0.0,382.26,fluorescent
0.0,382.21,fluorescent
0.0,382.17,fluorescent
0.0,382.13,fluorescent
0.0,382.11,fluorescent
0.0,382.08,fluorescent
0.0,382.07,fluorescent
0.0,382.05,fluorescent
0.0,382.04,fluorescent
0.0,382.03,fluorescent
0.0,382.03,fluorescent
0.0,382.22,fluorescent
0.0,381.98,fluorescent
0.0,381.98,fluorescent
0.0,381.99,fluorescent
0.0,381.99,fluorescent
0.0,381.99,fluorescent
0.0,381.99,fluorescent
0.0,381.99,fluorescent
0.0,382.2,fluorescent
0.0,382.16,fluorescent
0.0,382.13,fluorescent
0.0,382.1,fluorescent
0.0,382.08,fluorescent
0.0,382.06,fluorescent
0.0,382.05,fluorescent
0.0,382.04,fluorescent
0.0,382.03,fluorescent
0.0,382.23,fluorescent
0.0,382.18,fluorescent
0.0,382.14,fluorescent
0.0,382.12,fluorescent
0.0,382.09,fluorescent
0.0,382.07,fluorescent
0.0,382.06,fluorescent
0.0,382.25,fluorescent
0.0,382.2,fluorescent
0.0,382.16,fluorescent
0.0,382.13,fluorescent
0.0,382.1,fluorescent
0.0,382.08,fluorescent
0.0,382.06,fluorescent
0.0,382.05,fluorescent
0.0,382.04,fluorescent
0.0,382.03,fluorescent
0.0,382.03,fluorescent
0.0,382.02,fluorescent
0.0,382.02,fluorescent
0.0,382.01,fluorescent
0.0,382.21,fluorescent
0.0,382.17,fluorescent
0.0,382.33,fluorescent
0.0,382.47,fluorescent
0.0,382.77,fluorescent
0.0,382.62,fluorescent
0.0,382.5,fluorescent
0.0,382.4,fluorescent
0.0,382.52,fluorescent
0.0,382.81,fluorescent
0.0,382.65,fluorescent
0.0,382.52,fluorescent
0.0,382.42,fluorescent
0.0,382.33,fluorescent
0.0,382.27,fluorescent
0.0,382.21,fluorescent
0.0,382.17,fluorescent
0.0,382.14,fluorescent
0.0,382.11,fluorescent
0.0,382.09,fluorescent
0.0,382.07,fluorescent
0.0,381.86,fluorescent
0.0,381.88,fluorescent
0.0,381.91,fluorescent
0.0,381.73,fluorescent
0.0,381.98,fluorescent
0.0,381.98,fluorescent
0.0,381.79,fluorescent
0.0,382.03,fluorescent
0.0,381.82,fluorescent
0.0,381.86,fluorescent
0.0,381.89,fluorescent
0.0,381.91,fluorescent
0.0,381.93,fluorescent
0.0,381.94,fluorescent
0.0,381.95,fluorescent
0.0,381.96,fluorescent
0.0,381.97,fluorescent
0.0,381.98,fluorescent
0.0,381.98,fluorescent
0.0,381.98,fluorescent
0.0,381.79,fluorescent
0.0,381.83,fluorescent
0.0,381.66,fluorescent
0.0,381.53,fluorescent
0.0,381.63,fluorescent
0.0,381.7,fluorescent
0.0,381.56,fluorescent
0.0,381.65,fluorescent
0.0,381.72,fluorescent
0.0,381.77,fluorescent
0.0,382.02,fluorescent
0.0,382.02,fluorescent
0.0,382.01,fluorescent
0.0,382.01,fluorescent
0.0,382.01,fluorescent
0.0,382.01,fluorescent
0.0,382.01,fluorescent
0.0,382.0,fluorescent
0.0,382.0,fluorescent
0.0,382.2,fluorescent
0.0,382.16,fluorescent
0.0,382.13,fluorescent
0.0,382.1,fluorescent
0.0,382.08,fluorescent
0.0,382.07,fluorescent
0.0,382.05,fluorescent
0.0,382.04,fluorescent
0.0,382.03,fluorescent
0.0,382.03,fluorescent
0.0,381.82,fluorescent
0.0,381.66,fluorescent
0.0,381.73,fluorescent
0.0,381.78,fluorescent
0.0,381.82,fluorescent
0.0,381.66,fluorescent
0.0,381.53,fluorescent
0.0,381.42,fluorescent
0.0,381.34,fluorescent
0.0,381.27,fluorescent
0.0,381.42,fluorescent
0.0,381.33,fluorescent
0.0,381.27,fluorescent
0.0,381.41,fluorescent
0.0,381.53,fluorescent
0.0,381.62,fluorescent
0.0,381.9,fluorescent
0.0,381.92,fluorescent
0.0,381.94,fluorescent
0.0,381.95,fluorescent
0.0,382.16,fluorescent
0.0,382.13,fluorescent
0.0,382.1,fluorescent
0.0,382.08,fluorescent
0.0,381.87,fluorescent
0.0,381.69,fluorescent
0.0,381.55,fluorescent
0.0,381.44,fluorescent
0.0,381.35,fluorescent
0.0,381.48,fluorescent
0.0,381.39,fluorescent
0.0,381.51,fluorescent
0.0,381.41,fluorescent
0.0,381.33,fluorescent
0.0,381.46,fluorescent
0.0,381.77,fluorescent
0.0,381.61,fluorescent
0.0,381.49,fluorescent
0.0,381.79,fluorescent
0.0,381.83,fluorescent
0.0,382.07,fluorescent
0.0,382.05,fluorescent
0.0,382.04,fluorescent
0.0,382.03,fluorescent
0.0,382.03,fluorescent
0.0,382.02,fluorescent
0.0,382.02,fluorescent
0.0,382.01,fluorescent
0.0,382.01,fluorescent
0.0,382.01,fluorescent
0.0,382.01,fluorescent
0.0,382.01,fluorescent
0.0,382.0,fluorescent
0.0,382.0,fluorescent
0.0,382.0,fluorescent
0.0,382.0,fluorescent
0.0,382.0,fluorescent
0.0,382.0,fluorescent
0.0,382.2,fluorescent
0.0,382.16,fluorescent
0.0,382.33,fluorescent
0.0,382.06,fluorescent
0.0,382.05,fluorescent
0.0,382.04,fluorescent
0.0,382.03,fluorescent
0.0,382.03,fluorescent
0.0,382.02,fluorescent
0.0,382.02,fluorescent
0.0,382.21,fluorescent
0.0,382.17,fluorescent
0.0,382.14,fluorescent
0.0,382.31,fluorescent
0.0,382.25,fluorescent
0.0,382.2,fluorescent
0.0,382.36,fluorescent
0.0,382.29,fluorescent
0.0,382.23,fluorescent
0.0,382.18,fluorescent
0.0,382.15,fluorescent
0.0,382.12,fluorescent
0.0,382.09,fluorescent
0.0,382.08,fluorescent
0.0,382.26,fluorescent
0.0,382.21,fluorescent
0.0,382.17,fluorescent
0.0,382.13,fluorescent
0.0,382.11,fluorescent
0.0,382.09,fluorescent
0.0,382.07,fluorescent
0.0,382.05,fluorescent
0.0,382.24,fluorescent
0.0,382.19,fluorescent
0.0,382.16,fluorescent
0.0,381.92,fluorescent
0.0,382.14,fluorescent
0.0,382.31,fluorescent
0.0,382.45,fluorescent
0.0,382.36,fluorescent
0.0,382.49,fluorescent
0.0,382.39,fluorescent
0.0,382.31,fluorescent
0.0,382.25,fluorescent
0.0,382.2,fluorescent
0.0,382.36,fluorescent
0.0,382.29,fluorescent
0.0,382.23,fluorescent
0.0,382.18,fluorescent
0.0,382.35,fluorescent
0.0,382.28,fluorescent
0.0,382.22,fluorescent
0.0,382.38,fluorescent
0.0,382.3,fluorescent
0.0,382.24,fluorescent
0.0,382.19,fluorescent
0.0,382.15,fluorescent
0.0,382.12,fluorescent
0.0,382.1,fluorescent
0.0,382.08,fluorescent
0.0,382.06,fluorescent
0.0,382.25,fluorescent
0.0,382.2,fluorescent
0.0,382.16,fluorescent
0.0,382.13,fluorescent
0.0,382.3,fluorescent
0.0,382.24,fluorescent
0.0,382.19,fluorescent
0.0,382.15,fluorescent
0.0,382.12,fluorescent
0.0,382.1,fluorescent
0.0,382.08,fluorescent
0.0,382.06,fluorescent
0.0,382.05,fluorescent
0.0,382.24,fluorescent
0.0,382.19,fluorescent
0.0,382.15,fluorescent
0.0,382.12,fluorescent
0.0,382.1,fluorescent
0.0,382.28,fluorescent
0.0,382.22,fluorescent
0.0,382.38,fluorescent
0.0,382.3,fluorescent
0.0,382.24,fluorescent
0.0,382.39,fluorescent
0.0,382.52,fluorescent
0.0,382.41,fluorescent
0.0,382.53,fluorescent
0.0,382.42,fluorescent
0.0,382.34,fluorescent
0.0,382.27,fluorescent
0.0,382.22,fluorescent
0.0,382.17,fluorescent
0.0,382.14,fluorescent
0.0,382.11,fluorescent
0.0,382.09,fluorescent
0.0,382.27,fluorescent
0.0,382.22,fluorescent
0.0,382.17,fluorescent
0.0,382.14,fluorescent
0.0,382.11,fluorescent
0.0,382.09,fluorescent
0.0,382.07,fluorescent
0.0,382.06,fluorescent
0.0,382.05,fluorescent
0.0,382.04,fluorescent
0.0,382.03,fluorescent
0.0,382.22,fluorescent
0.0,382.18,fluorescent
0.0,382.34,fluorescent
0.0,382.27,fluorescent
0.0,382.22,fluorescent
0.0,382.18,fluorescent
0.0,382.34,fluorescent
0.0,382.27,fluorescent
0.0,382.22,fluorescent
0.0,382.37,fluorescent
0.0,382.5,fluorescent
0.0,382.4,fluorescent
0.0,382.32,fluorescent
0.0,382.26,fluorescent
0.0,382.4,fluorescent
0.0,382.32,fluorescent
0.0,382.26,fluorescent
0.0,382.21,fluorescent
0.0,382.17,fluorescent
0.0,382.33,fluorescent
0.0,382.27,fluorescent
0.0,382.41,fluorescent
0.0,382.33,fluorescent
0.0,382.26,fluorescent
0.0,382.21,fluorescent
0.0,382.17,fluorescent
0.0,382.14,fluorescent
0.0,382.11,fluorescent
0.0,382.29,fluorescent
0.0,382.23,fluorescent
0.0,382.18,fluorescent
0.0,382.15,fluorescent
0.0,382.12,fluorescent
0.0,382.29,fluorescent
0.0,382.44,fluorescent
0.0,382.35,fluorescent
0.0,382.28,fluorescent
0.0,382.42,fluorescent
0.0,382.54,fluorescent
0.0,382.43,fluorescent
0.0,382.34,fluorescent
0.0,382.48,fluorescent
0.0,382.38,fluorescent
0.0,382.3,fluorescent
0.0,382.24,fluorescent
0.0,382.19,fluorescent
0.0,382.16,fluorescent
0.0,382.32,fluorescent
0.0,382.26,fluorescent
0.0,382.41,fluorescent
0.0,382.33,fluorescent
0.0,382.46,fluorescent
0.0,382.37,fluorescent
0.0,382.3,fluorescent
0.0,382.04,fluorescent
0.0,381.83,fluorescent
0.0,382.06,fluorescent
0.0,382.25,fluorescent
0.0,382.4,fluorescent
0.0,382.32,fluorescent
0.0,382.26,fluorescent
0.0,382.21,fluorescent
0.0,382.16,fluorescent
0.0,382.13,fluorescent
0.0,382.1,fluorescent
0.0,381.88,fluorescent
0.0,381.71,fluorescent
0.0,381.77,fluorescent
0.0,381.81,fluorescent
0.0,381.85,fluorescent
0.0,381.88,fluorescent
0.0,381.9,fluorescent
0.0,381.72,fluorescent
0.0,381.78,fluorescent
0.0,382.02,fluorescent
0.0,381.82,fluorescent
0.0,381.65,fluorescent
0.0,381.52,fluorescent
0.0,381.42,fluorescent
0.0,381.54,fluorescent
0.0,381.63,fluorescent
0.0,381.7,fluorescent
0.0,381.76,fluorescent
0.0,381.61,fluorescent
0.0,381.49,fluorescent
0.0,381.59,fluorescent
0.0,381.47,fluorescent
0.0,381.58,fluorescent
0.0,381.66,fluorescent
0.0,381.53,fluorescent
0.0,381.42,fluorescent
0.0,381.54,fluorescent
0.0,381.43,fluorescent
0.0,381.55,fluorescent
0.0,381.44,fluorescent
0.0,381.35,fluorescent
0.0,381.28,fluorescent
0.0,381.22,fluorescent
0.0,380.98,fluorescent
0.0,380.78,fluorescent
0.0,380.83,fluorescent
0.0,380.86,fluorescent
0.0,380.69,fluorescent
0.0,380.55,fluorescent
0.0,380.44,fluorescent
0.0,380.55,fluorescent
0.0,380.64,fluorescent
0.0,380.51,fluorescent
0.0,380.61,fluorescent
0.0,380.49,fluorescent
0.0,380.19,fluorescent
0.0,380.35,fluorescent
0.0,380.28,fluorescent
0.0,380.03,fluorescent
0.0,380.02,fluorescent
0.0,379.82,fluorescent
0.0,379.65,fluorescent
0.0,379.52,fluorescent
0.0,379.22,fluorescent
0.0,378.97,fluorescent
0.0,378.98,fluorescent
0.0,378.78,fluorescent
0.0,378.63,fluorescent
0.0,378.3,fluorescent
0.0,377.84,fluorescent
0.0,377.47,fluorescent
0.0,377.38,fluorescent
0.0,377.1,fluorescent
0.0,376.88,fluorescent
0.0,376.31,fluorescent
0.0,376.04,fluorescent
0.0,376.04,fluorescent
0.0,375.83,fluorescent
0.0,375.86,fluorescent
0.0,375.69,fluorescent
0.0,375.55,fluorescent
0.0,375.64,fluorescent
0.0,375.51,fluorescent
0.0,375.41,fluorescent
0.0,375.33,fluorescent
0.0,375.06,fluorescent
0.0,374.85,fluorescent
0.0,374.68,fluorescent
0.0,374.54,fluorescent
0.0,374.44,fluorescent
0.0,374.55,fluorescent
0.0,373.84,fluorescent
0.0,372.87,fluorescent
0.0,371.9,fluorescent
0.0,371.12,fluorescent
0.0,370.89,fluorescent
0.0,370.72,fluorescent
0.0,370.77,fluorescent
0.0,370.82,fluorescent
0.0,370.85,fluorescent
0.0,371.08,fluorescent
0.0,371.47,fluorescent
0.0,371.97,fluorescent
0.0,372.18,fluorescent
0.0,372.54,fluorescent
0.0,372.83,fluorescent
0.0,373.47,fluorescent
0.0,373.77,fluorescent
0.0,374.02,fluorescent
0.0,374.42,fluorescent
0.0,374.73,fluorescent
0.0,374.99,fluorescent
0.0,375.19,fluorescent
0.0,375.35,fluorescent
0.0,375.48,fluorescent
0.0,375.38,fluorescent
0.0,375.51,fluorescent
0.0,375.21,fluorescent
0.0,375.16,fluorescent
0.0,374.93,fluorescent
0.0,374.55,fluorescent
0.0,374.64,fluorescent
0.0,374.51,fluorescent
0.0,374.61,fluorescent
0.0,374.89,fluorescent
0.0,374.91,fluorescent
0.0,375.13,fluorescent
0.0,375.1,fluorescent
0.0,375.08,fluorescent
0.0,375.07,fluorescent
0.0,375.05,fluorescent
0.0,375.04,fluorescent
0.0,375.03,fluorescent
0.0,374.83,fluorescent
0.0,374.06,fluorescent
0.0,373.65,fluorescent
0.0,373.32,fluorescent
0.0,373.06,fluorescent
0.0,373.04,fluorescent
0.0,373.04,fluorescent
0.0,373.23,fluorescent
0.0,373.18,fluorescent
0.0,373.35,fluorescent
0.0,373.68,fluorescent
0.0,373.94,fluorescent
0.0,374.15,fluorescent
0.0,374.52,fluorescent
0.0,374.82,fluorescent
0.0,375.25,fluorescent
0.0,375.6,fluorescent
0.0,375.88,fluorescent
0.0,376.51,fluorescent
0.0,376.61,fluorescent
3426.61,29129.75,sun
3429.29,29139.8,sun
3430.83,29151.44,sun
3432.67,29164.55,sun
3433.33,29175.84,sun
3435.07,29184.07,sun
3434.05,29189.26,sun
3435.04,29192.21,sun
3435.43,29188.37,sun
3435.35,29180.89,sun
3436.68,29174.12,sun
3435.94,29170.29,sun
3435.75,29167.04,sun
3438.0,29160.43,sun
3436.4,29162.54,sun
3433.72,29193.44,sun
3436.38,29240.55,sun
3437.7,29282.64,sun
3439.16,29318.31,sun
3440.33,29348.85,sun
3442.26,29374.68,sun
3439.81,29401.14,sun
3439.45,29429.51,sun
3439.56,29462.81,sun
3438.65,29496.45,sun
3440.72,29538.56,sun
3441.17,29592.45,sun
3440.74,29660.16,sun
3439.99,29738.93,sun
3439.99,29836.94,sun
3440.39,29925.36,sun
3443.32,30002.09,sun
3443.85,30080.27,sun
3446.08,30167.42,sun
3448.07,30248.53,sun
3449.52,30288.1,sun
3450.96,30327.66,sun
3454.17,30347.53,sun
3454.74,30387.83,sun
3453.99,30432.46,sun
3454.59,30478.37,sun
3453.87,30532.1,sun
3452.3,30593.68,sun
3453.24,30666.34,sun
3454.39,30752.88,sun
3455.51,30848.7,sun
3458.21,30942.96,sun
3458.17,31025.77,sun
3460.93,31107.22,sun
3461.35,31211.17,sun
3466.08,31330.14,sun
3470.26,31455.71,sun
3473.41,31568.17,sun
3478.33,31669.54,sun
3485.06,31753.43,sun
3491.05,31810.34,sun
3496.84,31851.08,sun
3504.47,31880.66,sun
3509.18,31900.53,sun
3511.34,31902.22,sun
3513.27,31894.78,sun
3516.82,31881.82,sun
3520.66,31869.26,sun
3521.52,31854.81,sun
3524.42,31840.45,sun
3523.94,31826.56,sun
3522.95,31811.25,sun
3525.56,31788.0,sun
3526.45,31752.6,sun
3525.76,31715.28,sun
3527.81,31665.22,sun
3526.84,31606.38,sun
3523.68,31537.3,sun
3520.34,31459.44,sun
3519.07,31374.55,sun
3518.86,31289.64,sun
3517.89,31206.71,sun
3516.51,31126.17,sun
3515.21,31049.94,sun
3512.57,30971.75,sun
3510.25,30892.8,sun
3508.4,30810.24,sun
3507.92,30722.79,sun
3507.14,30640.04,sun
3509.71,30570.43,sun
3511.57,30508.94,sun
3513.25,30433.55,sun
3512.4,30338.44,sun
3513.72,30234.16,sun
3514.98,30126.13,sun
3515.78,30022.5,sun
3514.43,29927.0,sun
3512.54,29834.6,sun
3513.83,29746.48,sun
3513.07,29661.99,sun
3510.85,29584.99,sun
3509.48,29519.99,sun
3509.59,29458.59,sun
3508.07,29400.28,sun
3509.85,29344.62,sun
3511.88,29287.5,sun
3512.91,29233.6,sun
3510.93,29182.88,sun
3511.74,29139.5,sun
3509.79,29103.2,sun
3506.83,29075.56,sun
3507.07,29053.25,sun
3509.25,29032.8,sun
3508.6,29013.24,sun
3505.88,28995.19,sun
3505.51,28976.55,sun
3505.21,28956.44,sun
3504.36,28937.15,sun
3503.09,28922.92,sun
3501.47,28911.74,sun
3498.18,28899.99,sun
3496.54,28884.79,sun
3494.83,28865.04,sun
3493.07,28841.43,sun
3493.45,28819.54,sun
3494.36,28804.24,sun
3494.29,28795.59,sun
3491.43,28791.27,sun
3488.95,28785.82,sun
3485.76,28781.46,sun
3483.61,28776.56,sun
3482.08,28769.65,sun
3480.87,28762.52,sun
3484.09,28756.02,sun
3482.88,28747.82,sun
3484.1,28742.85,sun
3482.88,28738.88,sun
3484.9,28733.11,sun
3485.92,28723.69,sun
3483.54,28716.15,sun
3481.43,28712.52,sun
3479.55,28716.42,sun
3484.44,28724.93,sun
3484.35,28737.55,sun
3483.48,28751.04,sun
3484.98,28764.83,sun
3485.79,28777.67,sun
3485.63,28787.73,sun
3485.7,28797.59,sun
3488.96,28808.47,sun
3490.17,28815.58,sun
3490.94,28814.86,sun
3492.55,28818.29,sun
3487.24,28822.03,sun
3486.99,28837.03,sun
3490.39,28875.22,sun
3493.31,28927.18,sun
3494.25,28975.94,sun
3498.2,29012.75,sun
3500.56,29037.0,sun
3505.85,29051.0,sun
3507.28,29056.8,sun
3511.62,29054.64,sun
3513.9,29039.12,sun
3513.32,29006.29,sun
3513.46,28975.04,sun
3512.96,28953.83,sun
3515.97,28950.46,sun
3516.78,28952.77,sun
3514.42,28948.42,sun
3514.14,28943.33,sun
3513.31,28934.87,sun
3515.25,28923.7,sun
3516.2,28918.76,sun
3516.96,28916.41,sun
3518.17,28920.32,sun
3515.73,28937.86,sun
3515.99,28964.89,sun
3516.39,28995.51,sun
3517.71,29029.61,sun
3518.57,29064.09,sun
3519.26,29094.07,sun
3521.8,29104.86,sun
3525.84,29109.29,sun
3530.67,29108.83,sun
3535.14,29096.26,sun
3535.51,29060.61,sun
3540.21,29013.49,sun
3541.97,28963.59,sun
3541.97,28916.67,sun
3543.78,28874.54,sun
3545.82,28845.23,sun
3547.06,28817.59,sun
3544.65,28780.67,sun
3543.92,28733.54,sun
3541.93,28671.43,sun
3538.95,28620.34,sun
3538.16,28581.07,sun
3531.73,28560.66,sun
3529.38,28553.93,sun
3524.5,28559.14,sun
3520.0,28570.72,sun
3519.6,28586.17,sun
3515.28,28597.54,sun
3513.03,28591.23,sun
3511.02,28557.79,sun
3510.62,28529.63,sun
3507.09,28506.9,sun
3504.68,28488.72,sun
3500.34,28474.18,sun
3497.67,28462.54,sun
3493.54,28453.23,sun
3490.23,28445.79,sun
3490.78,28439.83,sun
3489.03,28435.46,sun
3490.62,28449.17,sun
3491.3,28463.74,sun
3494.24,28455.59,sun
3496.19,28447.87,sun
3500.15,28441.7,sun
3504.12,28436.96,sun
3507.1,28438.97,sun
3510.68,28455.58,sun
3512.34,28478.06,sun
3513.27,28508.85,sun
3517.82,28551.88,sun
3521.46,28598.71,sun
3522.96,28641.56,sun
3527.97,28683.85,sun
3530.58,28724.88,sun
3532.06,28754.91,sun
3536.65,28770.73,sun
3537.52,28778.58,sun
3538.02,28778.67,sun
3539.01,28774.13,sun
3541.41,28766.91,sun
3543.73,28763.53,sun
3543.18,28761.22,sun
3543.15,28757.78,sun
3542.92,28754.62,sun
3542.53,28752.3,sun
3543.83,28752.04,sun
3542.66,28758.03,sun
3542.33,28769.23,sun
3541.06,28787.98,sun
3543.45,28810.79,sun
3545.56,28839.03,sun
3548.85,28873.22,sun
3548.48,28911.38,sun
3551.98,28957.51,sun
3551.79,29003.01,sun
3554.83,29053.21,sun
3557.26,29108.16,sun
3559.21,29173.93,sun
3561.57,29250.55,sun
3564.65,29331.64,sun
3568.32,29419.11,sun
3575.26,29504.69,sun
3583.01,29568.55,sun
3594.41,29620.44,sun
3602.52,29667.75,sun
3612.82,29701.2,sun
3620.26,29710.96,sun
3630.2,29700.17,sun
3636.36,29663.74,sun
3641.49,29604.39,sun
3645.99,29529.71,sun
3651.79,29454.97,sun
3652.64,29383.38,sun
3653.71,29320.5,sun
3653.97,29265.2,sun
3654.17,29222.36,sun
3652.94,29184.29,sun
3650.15,29144.43,sun
3645.12,29113.95,sun
3640.7,29095.16,sun
3637.76,29075.72,sun
3636.41,29058.58,sun
3630.92,29040.27,sun
3628.14,29022.61,sun
3623.51,29007.49,sun
3621.41,28989.19,sun
3617.13,28965.55,sun
3612.5,28933.84,sun
3610.6,28898.88,sun
3608.48,28861.7,sun
3603.39,28816.36,sun
3596.31,28771.09,sun
3593.65,28723.67,sun
3590.92,28664.14,sun
3584.93,28614.71,sun
3578.95,28574.97,sun
3573.16,28543.38,sun
3567.13,28517.9,sun
3564.9,28497.72,sun
3560.12,28481.38,sun
3557.1,28468.5,sun
3554.08,28458.0,sun
3550.66,28449.6,sun
3545.93,28442.68,sun
3540.34,28436.75,sun
3536.88,28431.8,sun
3534.9,28425.24,sun
3533.72,28412.99,sun
3531.98,28399.99,sun
3530.18,28394.0,sun
3528.75,28388.8,sun
3527.4,28387.64,sun
3522.72,28392.11,sun
3520.77,28396.29,sun
3520.42,28399.83,sun
3518.34,28402.87,sun
3519.67,28405.29,sun
3517.93,28407.23,sun
3518.95,28408.99,sun
3520.36,28410.19,sun
3520.09,28411.15,sun
3522.07,28411.92,sun
3521.26,28412.54,sun
3520.6,28412.43,sun
3520.48,28412.94,sun
3518.19,28413.55,sun
3519.15,28414.04,sun
3518.12,28414.43,sun
3518.5,28414.95,sun
3519.4,28415.16,sun
3521.32,28415.53,sun
3523.25,28415.82,sun
3526.4,28416.26,sun
3527.12,28416.21,sun
3528.9,28416.37,sun
3534.12,28416.49,sun
3536.69,28416.59,sun
3540.16,28416.47,sun
3540.52,28416.38,sun
3543.82,28416.7,sun
3548.66,28416.76,sun
3548.32,28416.61,sun
3551.66,28416.49,sun
3552.93,28416.39,sun
3553.74,28416.11,sun
3554.59,28416.09,sun
3554.68,28415.87,sun
3550.94,28416.1,sun
3548.55,28416.28,sun
3549.44,28416.22,sun
3550.35,28416.38,sun
3551.88,28416.51,sun
3552.11,28416.61,sun
3550.29,28416.48,sun
3554.03,28416.39,sun
3554.82,28416.31,sun
3557.46,28413.25,sun
3556.77,28396.4,sun
3555.61,28373.32,sun
3556.29,28351.85,sun
3554.43,28343.68,sun
3554.55,28346.95,sun
3551.84,28356.76,sun
3552.07,28368.4,sun
3550.26,28377.53,sun
3551.8,28379.82,sun
3551.24,28368.86,sun
3551.0,28336.89,sun
3548.0,28298.71,sun
3546.0,28257.97,sun
3544.0,28214.77,sun
3546.6,28170.22,sun
3544.68,28133.38,sun
3540.34,28100.3,sun
3536.27,28071.24,sun
3534.42,28047.19,sun
3529.74,28031.75,sun
3526.79,28020.0,sun
3522.63,28010.4,sun
3518.3,27990.32,sun
3517.44,27967.26,sun
3516.16,27951.81,sun
3513.72,27945.25,sun
3510.78,27935.4,sun
3507.22,27917.72,sun
3503.78,27906.98,sun
3503.02,27899.38,sun
3500.42,27894.71,sun
3498.33,27888.16,sun
3494.47,27886.33,sun
3492.97,27891.87,sun
3491.78,27903.29,sun
3493.22,27917.24,sun
3491.18,27930.79,sun
3490.14,27937.83,sun
3492.91,27939.66,sun
3491.33,27940.53,sun
3493.07,27938.83,sun
3493.45,27931.26,sun
3493.76,27920.01,sun
3492.01,27911.61,sun
3492.21,27915.09,sun
3490.17,27926.47,sun
3488.73,27940.38,sun
3488.59,27955.1,sun
3491.07,27963.88,sun
3493.46,27969.91,sun
3493.36,27980.13,sun
3493.89,27986.3,sun
3492.91,27996.84,sun
3491.73,28014.47,sun
3491.38,28038.58,sun
3492.11,28069.67,sun
3493.49,28099.53,sun
3495.59,28124.63,sun
3497.27,28139.7,sun
3500.42,28147.96,sun
3500.13,28152.37,sun
3501.11,28156.5,sun
3503.49,28157.4,sun
3505.99,28154.12,sun
3505.79,28151.29,sun
3505.43,28142.84,sun
3505.75,28125.87,sun
3508.6,28105.7,sun
3507.68,28084.96,sun
3509.94,28068.77,sun
3508.75,28052.21,sun
3507.6,28032.17,sun
3505.88,28005.54,sun
3505.51,27973.23,sun
3502.6,27941.59,sun
3500.28,27918.27,sun
3500.83,27905.21,sun
3500.26,27900.17,sun
3496.01,27894.74,sun
3493.21,27887.19,sun
3493.37,27879.95,sun
3492.69,27875.36,sun
3488.95,27874.89,sun
3489.36,27879.71,sun
3486.09,27887.37,sun
3485.47,27891.3,sun
3484.58,27889.84,sun
3485.26,27888.47,sun
3486.41,27884.78,sun
3487.33,27880.02,sun
3489.06,27870.82,sun
3486.65,27861.65,sun
3483.72,27853.72,sun
3481.38,27849.78,sun
3480.5,27845.63,sun
3480.0,27838.5,sun
3477.8,27826.4,sun
3479.44,27811.72,sun
3480.75,27793.78,sun
3480.2,27772.62,sun
3477.96,27749.3,sun
3477.17,27723.44,sun
3476.14,27701.35,sun
3471.71,27683.48,sun
3471.77,27666.79,sun
3468.41,27647.43,sun
3464.13,27629.34,sun
3462.9,27613.88,sun
3458.92,27600.7,sun
3458.34,27589.76,sun
3457.67,27581.21,sun
3456.74,27573.37,sun
3456.39,27566.49,sun
3455.71,27560.39,sun
3452.37,27555.32,sun
3450.9,27550.65,sun
3447.32,27547.12,sun
3445.65,27544.7,sun
3441.92,27543.36,sun
3441.54,27541.89,sun
3440.03,27539.91,sun
3437.02,27536.13,sun
3434.22,27533.7,sun
3434.98,27531.96,sun
3435.38,27530.37,sun
3433.7,27529.3,sun
3432.16,27530.04,sun
3432.73,27531.43,sun
3430.78,27532.34,sun
3429.03,27533.68,sun
3427.02,27535.34,sun
3425.82,27537.07,sun
3425.85,27538.26,sun
3425.88,27539.21,sun
3428.11,27541.37,sun
3427.09,27546.09,sun
3429.47,27560.27,sun
3431.57,27578.82,sun
3431.86,27602.86,sun
3432.29,27634.09,sun
3436.43,27674.47,sun
3438.14,27720.58,sun
3441.72,27764.26,sun
3447.77,27804.21,sun
3453.42,27840.97,sun
3456.93,27874.97,sun
3459.75,27906.18,sun
3467.4,27931.34,sun
3470.72,27941.88,sun
3477.77,27942.7,sun
3482.02,27934.96,sun
3485.42,27920.97,sun
3489.33,27909.18,sun
3494.87,27897.74,sun
3499.49,27874.99,sun
3500.59,27848.2,sun
3501.08,27820.96,sun
3500.66,27797.77,sun
3500.13,27780.61,sun
3499.9,27761.89,sun
3500.72,27743.11,sun
3501.18,27719.09,sun
3499.34,27692.27,sun
3497.67,27665.02,sun
3493.54,27642.61,sun
3492.63,27625.29,sun
3491.51,27610.63,sun
3489.6,27598.51,sun
3483.48,27589.4,sun
3482.59,27582.32,sun
3478.47,27577.26,sun
3477.18,27573.21,sun
3472.94,27571.17,sun
3471.95,27571.13,sun
3468.76,27576.51,sun
3468.01,27590.21,sun
3465.41,27607.97,sun
3463.53,27628.17,sun
3462.02,27646.94,sun
3459.82,27663.95,sun
3458.05,27683.16,sun
3459.04,27701.13,sun
3459.83,27719.3,sun
3459.67,27739.04,sun
3458.13,27761.83,sun
3460.31,27783.47,sun
3458.85,27805.37,sun
3458.68,27832.5,sun
3459.54,27855.4,sun
3462.63,27872.52,sun
3464.71,27891.41,sun
3467.97,27912.53,sun
3468.97,27934.43,sun
3469.98,27957.74,sun
3470.78,27976.59,sun
3474.63,27992.47,sun
3476.3,28002.98,sun
3480.84,28006.19,sun
3483.27,27997.75,sun
3486.42,27981.2,sun
3489.93,27963.76,sun
3489.75,27950.41,sun
3488.6,27947.73,sun
3488.48,27956.98,sun
3488.58,27967.79,sun
3486.27,27978.23,sun
3483.61,27985.38,sun
3481.89,27992.51,sun
3481.11,27995.41,sun
3483.09,27993.13,sun
3481.67,27979.1,sun
3483.74,27962.68,sun
3482.19,27949.55,sun
3483.55,27942.84,sun
3481.64,27931.67,sun
3479.91,27913.94,sun
3478.33,27886.35,sun
3477.26,27857.48,sun
3475.81,27830.98,sun
3476.85,27807.79,sun
3475.88,27789.23,sun
3475.7,27775.19,sun
3477.56,27759.15,sun
3476.45,27738.72,sun
3475.36,27714.57,sun
3474.89,27690.46,sun
3474.71,27666.37,sun
3474.97,27647.9,sun
3472.58,27640.32,sun
3471.46,27630.66,sun
3472.77,27624.93,sun
3473.21,27615.74,sun
3473.77,27603.79,sun
3473.62,27592.44,sun
3477.89,27580.55,sun
3477.92,27555.64,sun
3476.73,27517.91,sun
3475.19,27478.73,sun
3473.35,27441.38,sun
3470.88,27408.31,sun
3467.1,27379.25,sun
3463.28,27350.8,sun
3461.03,27319.64,sun
3460.02,27269.71,sun
3457.22,27223.97,sun
3454.37,27206.38,sun
3448.9,27203.3,sun
3447.72,27197.44,sun
3444.38,27185.95,sun
3442.9,27171.36,sun
3440.32,27155.89,sun
3436.06,27143.51,sun
