uv_sensor,IR_sensor,label
0,226.94,LED
0,228.15,LED
0,227.92,LED
0,227.14,LED
0,228.71,LED
0,227.77,LED
0,227.81,LED
0,228.45,LED
0,227.16,LED
0,228.13,LED
0,228.1,LED
0,227.28,LED
0,228.83,LED
0,227.86,LED
0,227.69,LED
0,228.55,LED
0,227.04,LED
0,227.83,LED
0,227.87,LED
0,226.89,LED
0,228.11,LED
0,227.49,LED
0,227.19,LED
0,228.35,LED
0,227.08,LED
0,227.67,LED
0,227.93,LED
0,226.75,LED
0,228,LED
0,227.6,LED
0,227.48,LED
0,228.58,LED
0,227.47,LED
0,227.77,LED
0,228.22,LED
0,226.97,LED
0,227.98,LED
0,227.78,LED
0,227.03,LED
0,228.62,LED
0,227.7,LED
0,227.56,LED
0,228.45,LED
0,226.96,LED
0,227.77,LED
0,228.01,LED
0,227.21,LED
0,228.57,LED
0,228.05,LED
0,227.64,LED
0,228.91,LED
0,227.73,LED
0,227.99,LED
0,228.59,LED
0,227.27,LED
0,228.02,LED
0,228.21,LED
0,227.37,LED
0,228.5,LED
0,228,LED
0,227.4,LED
0,228.72,LED
0,227.37,LED
0,227.5,LED
0,228.2,LED
0,226.56,LED
0,227.25,LED
0,227.4,LED
0,226.32,LED
0,227.65,LED
0,227.12,LED
0,226.5,LED
0,227.8,LED
0,226.84,LED
0,226.67,LED
0,227.54,LED
0,226.23,LED
0,226.78,LED
0,227.23,LED
0,225.98,LED
0,226.99,LED
0,226.99,LED
0,226.39,LED
0,227.51,LED
0,226.81,LED
0,226.65,LED
0,227.92,LED
0,226.73,LED
0,226.79,LED
0,227.63,LED
0,226.3,LED
0,226.84,LED
0,227.27,LED
0,225.82,LED
0,226.86,LED
0,226.68,LED
0,225.95,LED
0,227.16,LED
0,226.53,LED
0,226.02,LED
0,227.42,LED
0,226.33,LED
0,226.27,LED
0,227.21,LED
0,225.97,LED
0,226.38,LED
0,226.9,LED
0,225.52,LED
0,226.42,LED
0,226.53,LED
0,225.43,LED
0,226.74,LED
0,226.59,LED
0,226.07,LED
0,227.26,LED
0,226.61,LED
0,226.29,LED
0,227.43,LED
0,226.34,LED
0,226.27,LED
0,227.22,LED
0,225.98,LED
0,226.38,LED
0,226.9,LED
0,225.72,LED
0,226.38,LED
0,226.5,LED
0,225.6,LED
0,226.88,LED
0,226.51,LED
0,226,LED
0,227.2,LED
0,226.16,LED
0,225.93,LED
0,226.94,LED
0,225.56,LED
0,225.84,LED
0,226.48,LED
0,224.98,LED
0,225.78,LED
0,226.03,LED
0,224.82,LED
0,226.06,LED
0,225.65,LED
0,224.92,LED
0,226.33,LED
0,225.47,LED
0,225.37,LED
0,226.5,LED
0,225.2,LED
0,225.56,LED
0,226.25,LED
0,225,LED
0,226,LED
0,226,LED
0,225.2,LED
0,226.36,LED
0,225.89,LED
0,225.31,LED
0,226.65,LED
0,225.72,LED
0,225.97,LED
0,226.78,LED
0,225.42,LED
0,225.94,LED
0,226.15,LED
0,224.92,LED
0,226.14,LED
0,225.91,LED
0,225.33,LED
0,226.66,LED
0,225.73,LED
0,225.58,LED
0,226.47,LED
0,225.17,LED
0,225.74,LED
0,226.19,LED
0,225.15,LED
0,226.12,LED
0,226.1,LED
0,225.28,LED
0,226.62,LED
0,225.9,LED
0,225.72,LED
0,226.77,LED
0,225.62,LED
0,226.1,LED
0,226.68,LED
0,225.54,LED
0,226.43,LED
0,226.35,LED
0,225.68,LED
0,226.94,LED
0,226.35,LED
0,226.08,LED
0,227.27,LED
0,226.01,LED
0,226.21,LED
0,226.77,LED
0,225.21,LED
0,225.97,LED
0,226.18,LED
0,225.14,LED
0,226.51,LED
0,226.01,LED
0,225.61,LED
0,226.89,LED
0,225.91,LED
0,225.93,LED
0,226.74,LED
0,225.39,LED
0,226.11,LED
0,226.29,LED
0,225.23,LED
0,226.39,LED
0,226.11,LED
0,225.69,LED
0,227.15,LED
0,226.12,LED
0,226.1,LED
0,227.08,LED
0,225.66,LED
0,226.13,LED
0,226.5,LED
0,225.4,LED
0,226.32,LED
0,226.26,LED
0,225.61,LED
0,226.88,LED
0,226.31,LED
0,225.85,LED
0,227.08,LED
0,225.86,LED
0,225.89,LED
0,226.71,LED
0,225.37,LED
0,225.9,LED
0,226.32,LED
0,225.25,LED
0,226.4,LED
0,226.12,LED
0,225.3,LED
0,226.84,LED
0,226.07,LED
0,225.86,LED
0,226.89,LED
0,225.71,LED
0,225.77,LED
0,226.61,LED
0,225.29,LED
0,226.03,LED
0,226.43,LED
0,225.34,LED
0,226.47,LED
0,226.18,LED
0,225.54,LED
0,226.83,LED
0,226.07,LED
0,225.65,LED
0,226.92,LED
0,225.74,LED
0,225.79,LED
0,226.63,LED
0,225.31,LED
0,225.84,LED
0,226.08,LED
0,225.06,LED
0,226.25,LED
0,226,LED
0,225.2,LED
0,226.36,LED
0,225.69,LED
0,225.55,LED
0,226.64,LED
0,225.31,LED
0,225.65,LED
0,226.32,LED
0,225.06,LED
0,226.04,LED
0,226.24,LED
0,225.19,LED
0,226.55,LED
0,226.04,LED
0,225.43,LED
0,226.75,LED
0,225.8,LED
0,225.84,LED
0,226.47,LED
0,225.18,LED
0,225.94,LED
0,226.15,LED
0,225.12,LED
0,226.3,LED
0,226.04,LED
0,225.43,LED
0,226.74,LED
0,225.8,LED
0,225.84,LED
0,226.67,LED
0,225.34,LED
0,225.87,LED
0,226.29,LED
0,225.24,LED
0,226.39,LED
0,226.11,LED
0,225.49,LED
0,226.79,LED
0,225.83,LED
0,225.67,LED
0,226.53,LED
0,225.23,LED
0,225.78,LED
0,226.02,LED
0,224.82,LED
0,226.06,LED
0,225.64,LED
0,225.12,LED
0,226.49,LED
0,225.39,LED
0,225.52,LED
0,226.21,LED
0,224.77,LED
0,225.62,LED
0,225.69,LED
0,224.75,LED
0,226,LED
0,225.4,LED
0,225.12,LED
0,226.3,LED
0,225.04,LED
0,225.23,LED
0,225.78,LED
0,224.43,LED
0,225.54,LED
0,225.43,LED
0,224.55,LED
0,225.84,LED
0,225.07,LED
0,225.06,LED
0,226.04,LED
0,224.84,LED
0,225.07,LED
0,225.65,LED
0,224.52,LED
0,225.42,LED
0,225.34,LED
0,224.47,LED
0,225.77,LED
0,225.02,LED
0,224.82,LED
0,225.85,LED
0,224.68,LED
0,225.15,LED
0,225.72,LED
0,224.57,LED
0,225.66,LED
0,225.53,LED
0,224.62,LED
0,225.9,LED
0,225.12,LED
0,225.09,LED
0,226.08,LED
0,224.86,LED
0,225.49,LED
0,225.99,LED
0,224.59,LED
0,225.67,LED
0,225.54,LED
0,225.03,LED
0,226.43,LED
0,225.74,LED
0,225.39,LED
0,226.31,LED
0,225.05,LED
0,225.44,LED
0,225.95,LED
0,224.76,LED
0,225.81,LED
0,225.65,LED
0,224.72,LED
0,225.97,LED
0,225.18,LED
0,225.14,LED
0,226.11,LED
0,224.89,LED
0,225.31,LED
0,225.85,LED
0,224.48,LED
0,225.38,LED
0,225.31,LED
0,224.45,LED
0,225.76,LED
0,225.21,LED
0,224.96,LED
0,226.17,LED
0,224.94,LED
0,225.15,LED
0,225.72,LED
0,224.38,LED
0,225.3,LED
0,225.44,LED
0,224.75,LED
0,226,LED
0,225.4,LED
0,225.12,LED
0,226.3,LED
0,225.04,LED
0,225.43,LED
0,225.94,LED
0,224.56,LED
0,225.44,LED
0,225.56,LED
0,224.64,LED
0,225.92,LED
0,225.33,LED
0,224.87,LED
0,226.09,LED
0,225.07,LED
0,225.46,LED
0,226.17,LED
0,224.73,LED
0,225.39,LED
0,225.51,LED
0,224.61,LED
0,225.89,LED
0,225.51,LED
0,225.21,LED
0,226.57,LED
0,225.45,LED
0,225.36,LED
0,226.09,LED
0,224.67,LED
0,225.34,LED
0,225.47,LED
0,224.58,LED
0,225.66,LED
0,225.33,LED
0,225.06,LED
0,226.25,LED
0,225.2,LED
0,225.16,LED
0,225.93,LED
0,224.74,LED
0,225.39,LED
0,225.72,LED
0,224.77,LED
0,226.22,LED
0,225.77,LED
0,225.02,LED
0,226.42,LED
0,225.53,LED
0,225.43,LED
0,226.34,LED
0,225.07,LED
0,225.86,LED
0,226.09,LED
0,224.87,LED
0,226.1,LED
0,225.68,LED
0,225.14,LED
0,226.51,LED
0,225.61,LED
0,225.69,LED
0,226.55,LED
0,225.24,LED
0,225.79,LED
0,226.03,LED
0,224.83,LED
0,225.86,LED
0,225.69,LED
0,224.95,LED
0,226.36,LED
0,225.49,LED
0,225.39,LED
0,226.31,LED
0,225.05,LED
0,225.44,LED
0,225.75,LED
0,224.4,LED
0,225.52,LED
0,225.42,LED
0,224.93,LED
0,226.15,LED
0,225.32,LED
0,225.05,LED
0,226.04,LED
0,224.83,LED
0,225.27,LED
0,225.81,LED
0,224.65,LED
0,225.72,LED
0,225.58,LED
0,224.86,LED
0,226.09,LED
0,225.47,LED
0,225.18,LED
0,226.34,LED
0,225.07,LED
0,225.26,LED
0,225.81,LED
0,224.45,LED
0,225.36,LED
0,225.49,LED
0,224.59,LED
0,225.87,LED
0,225.3,LED
0,224.84,LED
0,226.07,LED
0,225.06,LED
0,225.04,LED
0,225.84,LED
0,224.47,LED
0,225.37,LED
0,225.7,LED
0,224.76,LED
0,226.01,LED
0,225.61,LED
0,225.09,LED
0,226.47,LED
0,225.37,LED
0,225.3,LED
0,226.24,LED
0,224.99,LED
0,225.39,LED
0,225.71,LED
0,224.57,LED
0,225.66,LED
0,225.53,LED
0,224.82,LED
0,225.86,LED
0,225.09,LED
0,225.07,LED
0,226.05,LED
0,224.84,LED
0,225.27,LED
0,225.82,LED
0,224.26,LED
0,225,LED
0,225.2,LED
0,224.36,LED
0,225.69,LED
0,225.15,LED
0,224.72,LED
0,225.98,LED
0,224.98,LED
0,224.99,LED
0,225.79,LED
0,224.43,LED
0,224.94,LED
0,224.08,LED
0,225.27,LED
0,225.21,LED
0,224.37,LED
0,225.7,LED
0,225.16,LED
0,225.13,LED
0,226.3,LED
0,225.04,LED
0,225.23,LED
0,225.99,LED
0,224.79,LED
0,225.43,LED
0,225.74,LED
0,224.6,LED
0,225.68,LED
0,225.54,LED
0,225.03,LED
0,226.23,LED
0,225.58,LED
0,225.26,LED
0,226.41,LED
0,225.33,LED
0,225.66,LED
0,226.33,LED
0,225.06,LED
0,225.85,LED
0,226.08,LED
0,224.67,LED
0,225.73,LED
0,225.59,LED
0,224.87,LED
0,226.09,LED
0,225.48,LED
0,225.18,LED
0,226.54,LED
0,225.44,LED
0,225.35,LED
0,226.08,LED
0,224.86,LED
0,225.29,LED
0,225.83,LED
0,224.67,LED
0,225.53,LED
0,225.63,LED
0,224.9,LED
0,226.12,LED
0,225.7,LED
0,225.16,LED
0,226.53,LED
0,225.82,LED
