sample_index,raw_uv,filtered_uv,raw_ir,filtered_ir,prediction,inference_us
0,0,0.00,220,222.00,LED,5
1,0,0.00,220,221.60,LED,5
2,0,0.00,222,221.68,LED,5
3,0,0.00,221,221.54,LED,5
4,0,0.00,221,221.43,LED,5
5,0,0.00,223,221.75,LED,5
6,0,0.00,222,221.80,LED,5
7,0,0.00,222,221.84,LED,5
8,0,0.00,222,221.87,LED,5
9,0,0.00,221,221.70,LED,5
10,0,0.00,221,221.56,LED,5
11,0,0.00,221,221.45,LED,5
12,0,0.00,221,221.36,LED,5
13,0,0.00,222,221.49,LED,5
14,0,0.00,222,221.59,LED,5
15,0,0.00,221,221.47,LED,5
16,0,0.00,222,221.58,LED,5
17,0,0.00,222,221.66,LED,5
18,0,0.00,222,221.73,LED,5
19,0,0.00,223,221.98,LED,5
20,0,0.00,222,221.99,LED,5
21,0,0.00,222,221.99,LED,5
22,0,0.00,222,221.99,LED,5
23,0,0.00,222,221.99,LED,5
24,0,0.00,222,221.99,LED,5
25,0,0.00,223,222.20,LED,5
26,0,0.00,223,222.36,LED,5
27,0,0.00,224,222.69,LED,5
28,0,0.00,226,223.35,LED,5
29,0,0.00,227,224.08,LED,5
30,0,0.00,229,225.06,LED,5
