condition,sample_index,raw_uv,filtered_uv,raw_ir,filtered_ir,prediction,inference_us
SHADE,0,0,0.00,177,174.98,shade,4
SHADE,1,0,0.00,175,174.98,shade,3
SHADE,2,0,0.00,174,174.79,shade,4
SHADE,3,0,0.00,176,175.03,shade,3
SHADE,4,0,0.00,174,174.82,shade,4
SHADE,5,0,0.00,174,174.66,shade,3
SHADE,6,0,0.00,174,174.53,shade,4
SHADE,7,0,0.00,172,174.02,shade,3
SHADE,8,0,0.00,173,173.82,shade,4
SHADE,9,0,0.00,172,173.45,shade,3
SHADE,10,0,0.00,171,172.96,shade,4
SHADE,11,0,0.00,172,172.77,shade,3
SHADE,12,0,0.00,172,172.62,shade,4
SHADE,13,0,0.00,171,172.29,shade,3
SHADE,14,0,0.00,172,172.23,shade,4
SHADE,15,0,0.00,171,171.99,shade,3
SHADE,16,0,0.00,171,171.79,shade,4
SHADE,17,0,0.00,172,171.83,shade,3
SHADE,18,0,0.00,171,171.67,shade,4
SHADE,19,0,0.00,171,171.53,shade,3
SHADE,20,0,0.00,172,171.63,shade,4
SHADE,21,0,0.00,171,171.50,shade,3
SHADE,22,0,0.00,171,171.40,shade,4
SHADE,23,0,0.00,171,171.32,shade,3
SHADE,24,0,0.00,170,171.06,shade,4
SHADE,25,0,0.00,172,171.25,shade,3
SHADE,26,0,0.00,171,171.20,shade,4
SHADE,27,0,0.00,171,171.16,shade,3
SHADE,28,0,0.00,172,171.33,shade,4
SHADE,29,0,0.00,171,171.26,shade,3
SHADE,30,0,0.00,170,171.01,shade,4
LED,0,0,0.00,220,222.00,LED,5
LED,1,0,0.00,220,221.60,LED,5
LED,2,0,0.00,222,221.68,LED,5
LED,3,0,0.00,221,221.54,LED,5
LED,4,0,0.00,221,221.43,LED,5
LED,5,0,0.00,223,221.75,LED,5
LED,6,0,0.00,222,221.80,LED,5
LED,7,0,0.00,222,221.84,LED,5
LED,8,0,0.00,222,221.87,LED,5
LED,9,0,0.00,221,221.70,LED,5
LED,10,0,0.00,221,221.56,LED,5
LED,11,0,0.00,221,221.45,LED,5
LED,12,0,0.00,221,221.36,LED,5
LED,13,0,0.00,222,221.49,LED,5
LED,14,0,0.00,222,221.59,LED,5
LED,15,0,0.00,221,221.47,LED,5
LED,16,0,0.00,222,221.58,LED,5
LED,17,0,0.00,222,221.66,LED,5
LED,18,0,0.00,222,221.73,LED,5
LED,19,0,0.00,223,221.98,LED,5
LED,20,0,0.00,222,221.99,LED,5
LED,21,0,0.00,222,221.99,LED,5
LED,22,0,0.00,222,221.99,LED,5
LED,23,0,0.00,222,221.99,LED,5
LED,24,0,0.00,222,221.99,LED,5
LED,25,0,0.00,223,222.20,LED,5
LED,26,0,0.00,223,222.36,LED,5
LED,27,0,0.00,224,222.69,LED,5
LED,28,0,0.00,226,223.35,LED,5
LED,29,0,0.00,227,224.08,LED,5
LED,30,0,0.00,229,225.06,LED,5
FLUORESCENT,0,0,0.00,450,465.51,fluorescent,4
FLUORESCENT,1,0,0.00,448,462.01,fluorescent,4
FLUORESCENT,2,0,0.00,451,459.81,fluorescent,4
FLUORESCENT,3,0,0.00,450,457.85,fluorescent,4
FLUORESCENT,4,0,0.00,443,454.88,fluorescent,4
FLUORESCENT,5,0,0.00,441,452.10,fluorescent,4
FLUORESCENT,6,0,0.00,443,450.28,fluorescent,4
FLUORESCENT,7,0,0.00,445,449.23,fluorescent,4
FLUORESCENT,8,0,0.00,446,448.58,fluorescent,4
FLUORESCENT,9,0,0.00,444,447.66,fluorescent,4
FLUORESCENT,10,0,0.00,444,446.93,fluorescent,4
FLUORESCENT,11,0,0.00,450,447.55,fluorescent,4
FLUORESCENT,12,0,0.00,445,447.04,fluorescent,4
FLUORESCENT,13,0,0.00,442,446.03,fluorescent,4
FLUORESCENT,14,0,0.00,449,446.62,fluorescent,4
FLUORESCENT,15,0,0.00,448,446.90,fluorescent,4
FLUORESCENT,16,0,0.00,445,446.52,fluorescent,4
FLUORESCENT,17,0,0.00,446,446.42,fluorescent,4
FLUORESCENT,18,0,0.00,448,446.73,fluorescent,4
FLUORESCENT,19,0,0.00,450,447.39,fluorescent,4
FLUORESCENT,20,0,0.00,451,448.11,fluorescent,4
FLUORESCENT,21,0,0.00,446,447.69,fluorescent,4
FLUORESCENT,22,0,0.00,418,441.75,fluorescent,4
FLUORESCENT,23,0,0.00,347,422.80,fluorescent,4
FLUORESCENT,24,0,0.00,298,397.84,fluorescent,4
FLUORESCENT,25,0,0.00,271,372.47,fluorescent,4
FLUORESCENT,26,0,0.00,250,347.98,fluorescent,8
FLUORESCENT,27,0,0.00,240,326.38,fluorescent,4
FLUORESCENT,28,0,0.00,236,308.31,fluorescent,4
FLUORESCENT,29,0,0.00,231,292.84,fluorescent,4
FLUORESCENT,30,0,0.00,229,280.08,fluorescent,4
SUN,0,4095,4095.00,37889,37889.00,sun,3
SUN,1,4095,4095.00,37889,37889.00,sun,3
SUN,2,4095,4095.00,37889,37889.00,sun,3
SUN,3,4095,4095.00,37889,37889.00,sun,3
SUN,4,4095,4095.00,37889,37889.00,sun,3
SUN,5,4095,4095.00,37889,37889.00,sun,3
SUN,6,4095,4095.00,37889,37889.00,sun,3
SUN,7,4095,4095.00,37889,37889.00,sun,3
SUN,8,4095,4095.00,37889,37889.00,sun,3
SUN,9,4095,4095.00,37889,37889.00,sun,3
SUN,10,4095,4095.00,37889,37889.00,sun,3
SUN,11,4095,4095.00,37889,37889.00,sun,3
SUN,12,4095,4095.00,37889,37889.00,sun,3
SUN,13,4095,4095.00,37889,37889.00,sun,3
SUN,14,4095,4095.00,37889,37889.00,sun,3
SUN,15,4095,4095.00,37889,37889.00,sun,3
SUN,16,4095,4095.00,37889,37889.00,sun,3
SUN,17,4095,4095.00,37889,37889.00,sun,3
SUN,18,4095,4095.00,37889,37889.00,sun,3
SUN,19,4095,4095.00,37889,37889.00,sun,3
SUN,20,4095,4095.00,37889,37889.00,sun,3
SUN,21,4095,4095.00,37889,37889.00,sun,3
SUN,22,4095,4095.00,37889,37889.00,sun,3
SUN,23,4095,4095.00,37889,37889.00,sun,3
SUN,24,4095,4095.00,37889,37889.00,sun,3
SUN,25,4095,4095.00,37889,37889.00,sun,3
SUN,26,4095,4095.00,37889,37889.00,sun,3
SUN,27,4095,4095.00,37889,37889.00,sun,3
